{
    "App": {
        "FPS": 0
    },
    "Window": {
        "width": 0,
        "height": 0,
        "brightness": 0,
        "fullscreen": true
    },
    "Camera3D": {
        "X.x": 1,
        "X.y": 0,
        "X.z": 0,
        "Y.x": -0.15191775560379028,
        "Y.y": 0.97236549854278564,
        "Y.z": 0.17727482318878174,
        "Z.x": -0.63279294967651367,
        "Z.y": -0.23346385359764099,
        "Z.z": 0.73828732967376709,
        "Reference.x": 0,
        "Reference.y": 0,
        "Reference.z": 0,
        "Position.x": 4.6248035430908203,
        "Position.y": 12.658047676086426,
        "Position.z": 12.39756965637207
    },
    "Input": {},
    "Textures2D": {},
    "Geometry": {},
    "Scene": {},
    "Render3D": {
        "vsync": false,
        "wireframe": false,
        "depthTest": true,
        "cullFace": false,
        "lighting": true,
        "colorMaterial": true,
        "texture2D": false
    },
    "Editor": {}
}