{
    "App": {
        "FPS": 0
    },
    "Window": {
        "width": 0,
        "height": 0,
        "brightness": 0,
        "fullscreen": true
    },
    "Camera3D": {
        "X.x": 1,
        "X.y": 0,
        "X.z": 0,
        "Y.x": 0.29726189374923706,
        "Y.y": 0.8931732177734375,
        "Y.z": 0.33745664358139038,
        "Z.x": 0.59036356210708618,
        "Z.y": -0.44971281290054321,
        "Z.z": 0.67024576663970947,
        "Reference.x": 0,
        "Reference.y": 0,
        "Reference.z": 0,
        "Position.x": -12.174853324890137,
        "Position.y": 16.394577026367188,
        "Position.z": -11.243908882141113
    },
    "Input": {},
    "Textures2D": {},
    "Geometry": {},
    "Scene": {},
    "Render3D": {
        "vsync": false,
        "wireframe": false,
        "depthTest": true,
        "cullFace": true,
        "lighting": true,
        "colorMaterial": true,
        "texture2D": false
    },
    "Editor": {}
}